{
  "version": 1,
  "levels": [
    {
      "name": "Level 1",
      "grid": [
        "........",
        "........",
        "......#.",
        "...F..#.",
        ".S....G.",
        ".....#..",
        "....F...",
        "..F...#.",
        "........"
      ]
    },
    {
      "name": "Level 2",
      "grid": [
        ".........",
        ".......#.",
        ".........",
        ".S.....G.",
        "....#..F.",
        "..F.##F..",
        "........."
      ]
    },
    {
      "name": "Level 3",
      "grid": [
        ".......",
        "..#..F.",
        "..##...",
        "....F..",
        ".S...G.",
        "...F...",
        "....##.",
        "......."
      ]
    },
    {
      "name": "Level 4",
      "grid": [
        "........",
        "..#F.#..",
        "........",
        "......#.",
        ".S....G.",
        "........",
        "....#...",
        "........",
        "........"
      ]
    },
    {
      "name": "Level 5",
      "grid": [
        ".........",
        ".........",
        "......#..",
        ".S.....G.",
        "..F#.##F.",
        "......F..",
        "........."
      ]
    },
    {
      "name": "Level 6",
      "grid": [
        ".......",
        "....##.",
        ".FF....",
        ".#.#...",
        ".S...G.",
        ".F.....",
        "..#....",
        "......."
      ]
    },
    {
      "name": "Level 7",
      "grid": [
        "........",
        "....F...",
        "....#.#.",
        ".#..#.F.",
        ".S....G.",
        "...#....",
        "..F...#.",
        "..#...F.",
        "........"
      ]
    },
    {
      "name": "Level 8",
      "grid": [
        ".........",
        "..#.#....",
        "..F......",
        ".S.....G.",
        "..#....#.",
        ".#..F....",
        "........."
      ]
    },
    {
      "name": "Level 9",
      "grid": [
        ".......",
        "..#....",
        ".......",
        "..#....",
        ".S...G.",
        ".#.....",
        ".F.....",
        "......."
      ]
    },
    {
      "name": "Level 10",
      "grid": [
        "........",
        "....#...",
        ".#......",
        ".....#..",
        ".S....G.",
        "..F.....",
        ".F.#....",
        "..###.#.",
        "........"
      ]
    },
    {
      "name": "Level 11",
      "grid": [
        ".........",
        "..F...#..",
        ".FF......",
        ".S.....G.",
        ".F.#.#.#.",
        "..#...#..",
        "........."
      ]
    },
    {
      "name": "Level 12",
      "grid": [
        ".......",
        "....F..",
        "...#.#.",
        "....##.",
        ".S.F.G.",
        ".......",
        ".#.#...",
        "......."
      ]
    },
    {
      "name": "Level 13",
      "grid": [
        "........",
        "........",
        "........",
        "...##...",
        ".S....G.",
        "......#.",
        "..#FF...",
        ".#....#.",
        "........"
      ]
    },
    {
      "name": "Level 14",
      "grid": [
        ".........",
        "..F...#..",
        "..F#.#...",
        ".S...F.G.",
        ".........",
        "...##.##.",
        "........."
      ]
    },
    {
      "name": "Level 15",
      "grid": [
        ".......",
        ".F...#.",
        ".F.....",
        ".#F....",
        ".SF..G.",
        "..#..#.",
        "...#...",
        "......."
      ]
    },
    {
      "name": "Level 16",
      "grid": [
        "........",
        ".#...#..",
        "..#.....",
        ".#......",
        ".S....G.",
        "....F.#.",
        "..#.....",
        "........",
        "........"
      ]
    },
    {
      "name": "Level 17",
      "grid": [
        ".........",
        "....##...",
        "..#......",
        ".S....FG.",
        ".##F...#.",
        ".#..#....",
        "........."
      ]
    },
    {
      "name": "Level 18",
      "grid": [
        ".......",
        ".#.#.#.",
        ".#...#.",
        "..#....",
        ".S...G.",
        "....#..",
        ".F.....",
        "......."
      ]
    },
    {
      "name": "Level 19",
      "grid": [
        "........",
        "...#..F.",
        ".#F.F#..",
        "...#..#.",
        ".S....G.",
        "........",
        "..#...#.",
        ".F.#....",
        "........"
      ]
    },
    {
      "name": "Level 20",
      "grid": [
        ".........",
        "......#..",
        "....#..#.",
        ".S.....G.",
        ".......#.",
        ".#F..##..",
        "........."
      ]
    },
    {
      "name": "Level 21",
      "grid": [
        ".......",
        ".......",
        "..F....",
        "..##...",
        ".S...G.",
        "..###..",
        ".#..##.",
        "......."
      ]
    },
    {
      "name": "Level 22",
      "grid": [
        "........",
        ".#......",
        ".....F#.",
        ".#...##.",
        ".S....G.",
        ".#...##.",
        "..#.....",
        ".#.F.F..",
        "........"
      ]
    },
    {
      "name": "Level 23",
      "grid": [
        ".........",
        ".F.##..#.",
        ".#...#F..",
        ".S....FG.",
        ".....#F#.",
        "...#F##..",
        "........."
      ]
    },
    {
      "name": "Level 24",
      "grid": [
        ".......",
        ".F#.#..",
        "....#..",
        ".#...#.",
        ".S.F.G.",
        "...##..",
        ".......",
        "......."
      ]
    },
    {
      "name": "Level 25",
      "grid": [
        "........",
        "....#...",
        "...F#.#.",
        ".....#..",
        ".S....G.",
        "...#....",
        "...##.#.",
        ".#.#.F#.",
        "........"
      ]
    },
    {
      "name": "Level 26",
      "grid": [
        ".........",
        ".#F....#.",
        ".#.#F..#.",
        ".S.....G.",
        "..F......",
        ".F...#...",
        "........."
      ]
    },
    {
      "name": "Level 27",
      "grid": [
        ".......",
        ".F#....",
        "..F.#..",
        ".#####.",
        ".S...G.",
        ".......",
        "..F#...",
        "......."
      ]
    },
    {
      "name": "Level 28",
      "grid": [
        "........",
        "...####.",
        "........",
        "..#.#.F.",
        ".S....G.",
        "....F...",
        ".#....#.",
        ".#.#.#..",
        "........"
      ]
    },
    {
      "name": "Level 29",
      "grid": [
        ".........",
        ".#.#F....",
        ".##.#..#.",
        ".S.....G.",
        ".##..F...",
        ".##F#..#.",
        "........."
      ]
    },
    {
      "name": "Level 30",
      "grid": [
        ".......",
        ".#.#...",
        "....F#.",
        "...#...",
        ".S...G.",
        "...F.#.",
        "..#.#..",
        "......."
      ]
    },
    {
      "name": "Level 31",
      "grid": [
        "........",
        ".F##..F.",
        ".#...F..",
        ".#.#..#.",
        ".S....G.",
        ".##.....",
        "..#F.F..",
        "....##..",
        "........"
      ]
    },
    {
      "name": "Level 32",
      "grid": [
        ".........",
        "......##.",
        ".FF...##.",
        ".S.....G.",
        "....#..#.",
        "....#.#..",
        "........."
      ]
    },
    {
      "name": "Level 33",
      "grid": [
        ".......",
        ".#..#..",
        ".F#.#..",
        "...#...",
        ".S...G.",
        ".#...#.",
        ".#..F..",
        "......."
      ]
    },
    {
      "name": "Level 34",
      "grid": [
        "........",
        "...F..#.",
        ".##F....",
        ".#....#.",
        ".S....G.",
        "..#.....",
        "....#...",
        ".#..##..",
        "........"
      ]
    },
    {
      "name": "Level 35",
      "grid": [
        ".........",
        "..#.#F##.",
        "...FF#...",
        ".S.....G.",
        "....#.#..",
        ".#...#...",
        "........."
      ]
    },
    {
      "name": "Level 36",
      "grid": [
        ".......",
        "....##.",
        ".F...#.",
        ".#..##.",
        ".S...G.",
        ".##.#..",
        "...##..",
        "......."
      ]
    },
    {
      "name": "Level 37",
      "grid": [
        "........",
        ".....#..",
        "...F..#.",
        ".##..##.",
        ".S..F.G.",
        "..F..#..",
        "..#..##.",
        "..#.##..",
        "........"
      ]
    },
    {
      "name": "Level 38",
      "grid": [
        ".........",
        "..##.##..",
        ".#.#.FF..",
        ".S.....G.",
        ".....#...",
        "..##.F.F.",
        "........."
      ]
    },
    {
      "name": "Level 39",
      "grid": [
        ".......",
        "...##..",
        "..#.F#.",
        ".F..#..",
        ".S...G.",
        ".F#.##.",
        ".##FF..",
        "......."
      ]
    },
    {
      "name": "Level 40",
      "grid": [
        "........",
        "...F.##.",
        ".#.F#.#.",
        ".#....#.",
        ".S....G.",
        ".....##.",
        "........",
        ".#....#.",
        "........"
      ]
    },
    {
      "name": "Level 41",
      "grid": [
        ".........",
        ".#...#...",
        "......F#.",
        ".S....FG.",
        ".F.##..#.",
        "...##....",
        "........."
      ]
    },
    {
      "name": "Level 42",
      "grid": [
        ".......",
        "..#.#..",
        ".#.....",
        "..#....",
        ".SF..G.",
        ".FF#.#.",
        "..#..#.",
        "......."
      ]
    },
    {
      "name": "Level 43",
      "grid": [
        "........",
        "..F#.##.",
        ".F.#F...",
        ".###F...",
        ".S....G.",
        "..#.....",
        "......#.",
        ".....##.",
        "........"
      ]
    },
    {
      "name": "Level 44",
      "grid": [
        ".........",
        "...#.##..",
        "..###.#..",
        ".S.....G.",
        "...#.....",
        ".........",
        "........."
      ]
    },
    {
      "name": "Level 45",
      "grid": [
        ".......",
        ".###.#.",
        "..#.##.",
        ".F.#...",
        ".S...G.",
        "..#.#..",
        ".#.#F#.",
        "......."
      ]
    },
    {
      "name": "Level 46",
      "grid": [
        "........",
        ".##.....",
        "...#..#.",
        "..#..F#.",
        ".S....G.",
        "...F..#.",
        "..##....",
        ".#......",
        "........"
      ]
    },
    {
      "name": "Level 47",
      "grid": [
        ".........",
        ".#.#.#.#.",
        ".###.#...",
        ".S.F...G.",
        "...F.....",
        ".#...##..",
        "........."
      ]
    },
    {
      "name": "Level 48",
      "grid": [
        ".......",
        ".F###..",
        "..##...",
        "..##...",
        ".S...G.",
        ".....#.",
        ".#.F##.",
        "......."
      ]
    },
    {
      "name": "Level 49",
      "grid": [
        "........",
        ".#F..#..",
        ".#..##..",
        ".#...#..",
        ".S....G.",
        ".#...#..",
        ".....#..",
        ".....##.",
        "........"
      ]
    },
    {
      "name": "Level 50",
      "grid": [
        ".........",
        "...F#.#..",
        ".##.#.F#.",
        ".S....FG.",
        "....#..#.",
        "..F..###.",
        "........."
      ]
    }
  ]
}